Device name,DATE D'ENTREE
DARI1010028,
DSN-KSOEM,
DSN-KSTESTSN,
DSN-SH00001,
DSN-SH00002,
DSN-SH00004,
DSN-SH00005,
DSN-SH00006,
DSN-SH00011,
DSN-SH00018,
DSN-SH00019,
DSN-SH00020,
DSN-SH00021,
DSN-SH00022,
DSN-SH00023,
DSN-SH00024,
DSN-SH00025,
DSN-SH00027,01-11-2025
DSN-SH00030,
DSN-SH00034,
DSN-SH00035,
DSN-SH00036,
DSN-SH00041,01-11-2025
DSN-SH00042,
DSN-SH00043,
DSN-SH00044,01-11-2025
DSN-SH00045,
DSN-SH00046,
DSN-SH00048,01-11-2025
DSN-SH00049,
DSN-SH00051,
DSN-SH00052,01-11-2025
DSN-SH00053,
DSN-SH00054,
DSN-SH00055,
DSN-SH00056,
DSN-SH00057,
DSN-SH00058,
DSN-SH00061,
DSN-SH00062,
DSN-SH00068,
DSN-SH00069,01-11-2025
DSN-SH00070,
DSN-SH00071,
DSN-SH00072,
DSN-SH00073,
DSN-SH00074,
DSN-SH00075,
DSN-SH00076,
DSN-SH00077,
DSN-SH00079,
DSN-SH00080,
DSN-SH00081,
DSN-SH00082,01-11-2025
DSN-SH00083,01-11-2025
DSN-SH00085,
DSN-SH00086,
DSN-SH00087,
DSN-SH00088,
DSN-SH00089,
DSN-SH00090,
DSN-SH00091,
DSN-SH00092,
DSN-SH00093,
DSN-SH00094,
DSN-SH00095,
DSN-SH00096,
DSN-SH00097,
DSN-SH00098,
DSN-SH00099,
DSN-SH00100,
DSN-SH00101,
DSN-SH00102,
DSN-SH00104,01-11-2025
DSN-SH00106,
DSN-SH00107,
DSN-SH00108,
DSN-SH00109,
DSN-SH00110,
DSN-SH00111,01-11-2025
DSN-SH00112,
DSN-SH00113,01-11-2025
DSN-SH00114,
DSN-SH00122,
DSN-SH00123,
DSN-SH00125,01-11-2025
DSN-SH00126,
DSN-SH00127,
DSN-SH00128,
DSN-SH00129,
DSN-SH00130,
DSN-SH00131,
DSN-SH00132,
DSN-SH00133,
DSN-SH00134,01-11-2025
DSN-SH00135,
DSN-SH00135,
DSN-SH00136,
DSN-SH00143,
DSN-SH00144,
DSN-SH00146,
DSN-SH00147,
DSN-SH00148,01-11-2025
DSN-SH00149,01-11-2025
DSN-SH00150,01-11-2025
DSN-SH00154,
DSN-SH00155,
DSN-SH00156,
DSN-SH00157,
DSN-SH00158,
DSN-SH00158,
DSN-SH00159,
DSN-SH00160,
DSN-SH00161,01-11-2025
DSN-SH00163,01-11-2025
DSN-SH00165,
DSN-SH00171,
DSN-SH00172,
DSN-SH00174,
DSN-SH00175,01-11-2025
DSN-SH00177,
DSN-SH00178,
DSN-SH00183,
DSN-SH00184,
DSN-SH00187,
DSN-SH00191,
DSN-SH00192,01-11-2025
DSN-SH00193,01-11-2025
DSN-SH00194,01-11-2025
DSN-SH00195,01-11-2025
DSN-SH00196,01-11-2025
DSN-SH00197,01-11-2025
DSN-SH00198,01-11-2025
DSN-SH00199,01-11-2025
DSN-SH00200,01-11-2025
DSN-SH00201,01-11-2025
DSN-SH00202,01-11-2025
DSN-SH00203,01-11-2025
DSN-SH00204,01-11-2025
DSN-SH00205,01-11-2025
DSN-SH00206,01-11-2025
DSN-SH00207,01-11-2025
DSN-SH00208,01-11-2025
DSN-SH00209,01-11-2025
DSN-SH00211,
DSN-SH00216,01-11-2025
DSN-SH00217,
DSN-SH00218,
DSN-SH00219,01-01-2022
DSN-SH00220,
DSN-SH00223,
DSN-SH00224,
DSN-SH00226,
DSN-SH00227,01-05-2026
DSN-SH00229,02-05-2026
DSN-SH00231,03-05-2026
DSN-SH00232,04-05-2026
DSN-SH00233,05-05-2026
DSN-SH00234,
DSN-SH00235,06-05-2026
DSNR-SH00138,
DSNR-SH00222,
LSN00001,01-01-2025
LSN00002,
LSN00003,
LSN00004,
LSN00005,
LSN00006,
LSN00007,
LSN00009,
LSN00012,01-01-2022
LSN00013,
LSN00014,
LSN00015,
LSN00016,
LSN00017,
LSN00018,01-01-2022
LSN00019,
LSN00020,
LSN00021,
LSN00022,01-01-2025
LSN00023,
LSN00028,
LSN00029,01-01-2022
LSN00032,
LSN00033,01-01-2025
LSN00035,01-01-2022
LSN00036,
LSN00037,01-01-2025
LSN00038,
LSN00039,01-01-2025
LSN00040,
LSN00041,01-01-2022
LSN00044,01-01-2025
LSN00045,
LSN00047,
LSN00049,
LSN00050,
LSN00051,01-01-2022
LSN00052,01-01-2022
LSN00054,
LSN00055,
LSN00058,
LSN00059,
LSN00060,
LSN00061,01-01-2022
LSN00062,01-01-2025
LSN00063,
LSN00064,
LSN00068,
LSN00069,01-01-2022
LSN00073,01-01-2022
LSN00074,
LSN00075,
LSN00076,
LSN00077,
LSN00078,
LSN00079,
LSN00080,
LSN00081,01-01-2025
LSN00082,
LSN00083,01-01-2025
LSN00086,
LSN00087,
LSN00089,
LSN00090,
LSN00091,
LSN00092,
LSN00093,
LSN00094,
LSN00095,
LSN00098,01-01-2022
LSN00099,01-01-2022
LSN00099,01-01-2022
LSN00101,
LSN00102,
LSN00103,
LSN00104,
LSN00105,
LSN00106,
LSN00107,
LSN00110,01-01-2025
LSN00111,
LSN00112,01-01-2022
LSN00113,01-01-2025
LSN00114,
LSN00115,01-01-2022
LSN00118,
LSN00119,01-01-2025
LSN00120,
LSN00121,
LSN00122,
LSN00123,01-01-2025
LSN00125,
LSN00128,
LSN00130,
LSN00133,
LSN00137,
LSN00139,
LSN00140,01-01-2022
LSN00143,
LSN00144,01-01-2025
LSN00146,01-01-2025
LSN00147,
LSN00148,
LSN00149,
LSN00165,
LSN00167,01-01-2025
LSN00168,
LSN00169,
LSN00170,
LSN00184,
LSN00185,
LSN00188,
LSN00211,
LSN00212,
LSN00212,
LSN00213,
LSN00214,
LSN00215,01-01-2022
LSN00216,01-01-2025
LSN00217,
LSN00219,
LSN00222,
LSN00225,01-01-2022
LSN00226,
LSN00227,
LSN00228,
LSN00230,
LSN00231,
LSN00232,
LSN00234,
LSN00235,
LSN00237,
LSN00238,
LSN00239,
LSN00241,01-01-2025
LSN00242,
LSN00243,
LSN00244,
LSN00247,01-01-2022
LSN00249,01-01-2025
LSN00250,
LSN00251,01-01-2022
LSN00252,01-01-2022
LSN00253,
LSN00254,
LSN00254,01-01-2022
LSN00255,
LSN00256,
LSN00257,01-01-2022
LSN00258,01-01-2025
LSN00259,01-01-2022
LSN00261,
LSN00262,
LSN00263,01-01-2022
LSN00264,01-01-2022
LSN00265,
LSN00269,
LSN00270,
LSN00271,
LSN00272,01-01-2025
LSN00273,01-01-2025
LSN00274,
LSN00275,
LSN00276,
LSN00278,
LSN00279,
LSN00281,
LSN00282,
LSN00283,
LSN00284,
LSN00285,
LSN00286,
LSN00288,
LSN00289,
LSN00290,
LSN00291,
LSN00292,
LSN00293,
LSN00294,
LSN00295,01-01-2025
LSN00297,
LSN00298,01-01-2022
LSN00299,01-01-2022
LSN00301,
LSN00302,
LSN00304,
LSN00305,
LSN00306,
LSN00307,
LSN00308,01-01-2025
LSN00309,
LSN00311,
LSN00312,
LSN00314,
LSN00315,
LSN00316,
LSN00317,
LSN00319,
LSN00320,
LSN00322,
LSN00323,
LSN00324,01-01-2025
LSN00325,
LSN00326,
LSN00327,
LSN00328,
LSN00329,01-01-2022
LSN00330,01-01-2022
LSN00331,
LSN00332,
LSN00333,
LSN00334,
LSN00335,01-01-2025
LSN00337,
LSN00338,
LSN00340,01-01-2022
LSN00342,
LSN00343,
LSN00344,01-01-2025
LSN00345,
LSN00346,
LSN00347,
LSN00349,01-01-2022
LSN00351,
LSN00352,01-01-2025
LSN00353,
LSN00354,
LSN00355,
LSN00359,
LSN00360,
LSN00361,01-01-2025
LSN00362,
LSN00363,
LSN00364,
LSN00365,01-01-2022
LSN00366,
LSN00369,
LSN00370,
LSN00371,01-01-2022
LSN00372,01-01-2025
LSN00373,
LSN00374,01-01-2022
LSN00375,01-01-2025
LSN00376,
LSN00377,01-01-2022
LSN00380,
LSN00382,
LSN00383,
LSN00384,
LSN00386,01-01-2025
LSN00387,
LSN00388,
LSN00389,01-01-2025
LSN00391,
LSN00392,01-01-2022
LSN00393,
LSN00394,
LSN00395,
LSN00396,
LSN00397,01-01-2022
LSN00398,
LSN00399,01-01-2025
LSN00400,
LSN00401,
LSN00403,
LSN00404,01-01-2022
LSN00405,
LSN00406,
LSN00407,
LSN00408,01-01-2025
LSN00409,01-01-2025
LSN00410,
LSN00411,01-01-2022
LSN00413,01-01-2025
LSN00414,01-01-2025
LSN00415,01-01-2022
LSN00416,
LSN00417,
LSN00418,
LSN00419,
LSN00422,
LSN00424,
LSN00425,01-01-2025
LSN00426,
LSN00427,
LSN00428,
LSN00429,
LSN00430,
LSN00431,
LSN00432,
LSN00433,
LSN00434,
LSN00435,
LSN00437,
LSN00438,
LSN00439,
LSN00440,
LSN00442,
LSN00443R,01-01-2022
LSN00445,
LSN00446,01-01-2022
LSN00447,01-01-2022
LSN00448,01-01-2022
LSN00449,
LSN00450,
LSN00451,
LSN00452,01-01-2022
LSN00453,
LSN00454,01-01-2022
LSN00455,01-01-2025
LSN00456,01-01-2022
LSN00458,01-01-2022
LSN00459,
LSN00460,01-01-2022
LSN00461,
LSN00462,01-01-2022
LSN00463,
LSN00464,01-01-2022
LSN00465,
LSN00466,01-01-2025
LSN00467,01-01-2022
LSN00468,
LSN00469,
LSN00470,
LSN00471,
LSN00472,
LSN00473,
LSN00474,
LSN00475,
LSN00476,
LSN00477,
LSN00478,
LSN00479,
LSN00480,
LSN00481,
LSN00482,
LSN00483,
LSN00484,
LSN00487,
LSN00488,
LSN00490,
LSN00491,
LSN00493,
LSN00494,
LSN00495,
LSN00496,
LSN00497,
LSN00498,
LSN00499,01-01-2025
LSN00500,
LSN00501,01-01-2025
LSN00502,01-01-2022
LSN00506,
LSN00507,01-01-2022
LSN00508,01-01-2022
LSN00509,
LSN00510,
LSN00511,
LSN00512,
LSN00513,
LSN00514,
LSN00515,
LSN00516,
LSN00517,
LSN00518,
LSN00519,
LSN00522,01-01-2022
LSN0835,01-01-2025
LSNR00390,
LSNR00402,
LSNR00457,01-01-2022
LSNR00486,
LSNR00489,
LSNR00492,01-01-2022
LSNR00503,01-01-2022
LSNR00515,
SEN-5CD0432L0K,
SEN-5CG75208RY,
SEN-5CG9123RZT,
SEN-5CG94150WT,
SEN-8CG4120S95,
SEN-MP25XGK7,01-01-2022
SEN-PF5JT946,
SEN-PF5JV11Q,
SEN-PF5JXCDF,
SEN-VNY529049L,