Device name;OS;OS version;Last check-in;Category;Model;Serial number;DATE D'entree
PSN-21305522522450;Android (Dedicated);14;2026-07-02 12:40:23.0000000;SN - Entrepôt Thiaroye;TC57;21305522522450;05 juin 2026
PSN-25344524209248;Android (Dedicated);15;2026-07-03 14:29:47.0000000;SN - GRAND MBAO;TC53E;25344524209248;05 juin 2026
PSN-25349524215578;Android (Dedicated);15;2026-06-23 18:17:07.0000000;SN - POINT E2;TC53E;25349524215578;05 juin 2026
PSN-25349524215624;Android (Dedicated);15;2026-07-02 18:08:53.3310000;SN - TOTAL NGOR;TC53E;25349524215624;05 juin 2026
PSN-25350524205623;Android (Dedicated);15;2026-07-07 12:21:15.3670000;SN - YOFF;TC53E;25350524205623;05 juin 2026
PSN-25350524205737;Android (Dedicated);15;2026-06-30 14:00:14.0000000;SN - LIBERTE 6;TC53E;25350524205737;05 juin 2026
PSN-25350524205753;Android (Dedicated);15;2026-07-06 14:27:08.8210000;SN - MBACKE;TC53E;25350524205753;05 juin 2026
PSN-25350524205768;Android (Dedicated);15;2026-07-07 01:04:28.6160000;SN - RUFISQUE NORD;TC53E;25350524205768;05 juin 2026
PSN-25350524205772;Android (Dedicated);15;2026-07-07 12:28:57.8870000;SN - SACRE-COEUR;TC53E;25350524205772;05 juin 2026
PSN-25350524205779;Android (Dedicated);15;2026-07-01 20:12:16.0000000;SN - INEXTENSO PORT;TC53E;25350524205779;05 juin 2026
PSN-25350524205792;Android (Dedicated);15;2026-07-07 12:14:14.5290000;SN - THIES I;TC53E;25350524205792;05 juin 2026
PSN-25350524205940;Android (Dedicated);15;2026-07-04 17:01:14.0000000;SN - THIES II;TC53E;25350524205940;05 juin 2026
PSN-25350524205946;Android (Dedicated);15;2026-06-23 20:30:59.0000000;SN - POINT E2;TC53E;25350524205946;05 juin 2026
PSN-25350524205950;Android (Dedicated);15;2026-07-04 11:41:37.0000000;SN - MERMOZ 2;TC53E;25350524205950;05 juin 2026
PSN-25350524205974;Android (Dedicated);15;2026-07-07 06:41:46.1230000;SN - SAINT LOUIS;TC53E;25350524205974;05 juin 2026
PSN-25350524206002;Android (Dedicated);15;2026-07-07 12:11:30.3250000;SN - MBOUR;TC53E;25350524206002;05 juin 2026
PSN-25350524206029;Android (Dedicated);15;2026-07-07 12:00:51.7010000;SN - HYPER MERMOZ;TC53E;25350524206029;05 juin 2026
PSN-25350524206042;Android (Dedicated);15;2026-06-19 19:35:09.0000000;SN - GIBRALTAR;TC53E;25350524206042;05 juin 2026
PSN-25350524206059;Android (Dedicated);15;2026-06-19 20:37:18.0000000;SN - PLATEAU;TC53E;25350524206059;05 juin 2026
PSN-25350524206069;Android (Dedicated);15;2026-07-07 03:26:35.8270000;SN - YOFF;TC53E;25350524206069;05 juin 2026
PSN-25350524206099;Android (Dedicated);15;2026-07-07 12:12:29.5670000;SN - MAIRIE;TC53E;25350524206099;05 juin 2026
PSN-25350524206101;Android (Dedicated);15;2026-07-04 13:44:59.0000000;SN - POINT E1;TC53E;25350524206101;05 juin 2026
PSN-25350524206103;Android (Dedicated);15;2026-07-04 00:09:31.0000000;SN - ZAC MBAO;TC53E;25350524206103;05 juin 2026
PSN-25350524206135;Android (Dedicated);15;2026-07-07 11:43:20.4090000;SN - SALY MARKET;TC53E;25350524206135;05 juin 2026
PSN-25350524206137;Android (Dedicated);15;2026-07-07 11:10:32.3910000;SN - SALY MARKET;TC53E;25350524206137;05 juin 2026
PSN-25350524206139;Android (Dedicated);15;2026-07-05 04:26:35.0000000;SN - TOTAL SOUMBEDIOUNE;TC53E;25350524206139;05 juin 2026
PSN-25350524206151;Android (Dedicated);15;2026-06-23 20:33:50.0000000;SN - PLATEAU;TC53E;25350524206151;05 juin 2026
PSN-25350524206154;Android (Dedicated);15;2026-07-06 18:07:51.0290000;;TC53E;25350524206154;05 juin 2026
PSN-25350524206155;Android (Dedicated);15;2026-06-24 02:31:36.0000000;SN - GIBRALTAR;TC53E;25350524206155;05 juin 2026
PSN-25350524206162;Android (Dedicated);15;2026-07-02 14:27:15.0000000;SN - KEUR GORGUI;TC53E;25350524206162;05 juin 2026
PSN-25350524206164;Android (Dedicated);15;2026-07-07 10:58:05.2910000;SN - THIES II;TC53E;25350524206164;05 juin 2026
PSN-25350524206167;Android (Dedicated);15;2026-07-02 13:41:05.0000000;SN - ZIGUINCHOR;TC53E;25350524206167;05 juin 2026
PSN-25350524206180;Android (Dedicated);15;2026-06-23 20:14:45.0000000;SN - GIBRALTAR;TC53E;25350524206180;05 juin 2026
PSN-25350524206181;Android (Dedicated);15;2026-07-03 12:36:54.0000000;SN - MAIRIE;TC53E;25350524206181;05 juin 2026
PSN-25350524206191;Android (Dedicated);15;2026-07-05 15:17:19.0000000;SN - CASTORS;TC53E;25350524206191;05 juin 2026
PSN-25350524206215;Android (Dedicated);15;2026-07-07 00:52:27.9320000;SN - SAINT LOUIS;TC53E;25350524206215;05 juin 2026
PSN-25350524206216;Android (Dedicated);15;2026-06-24 02:32:29.0000000;SN - TIVAOUANE;TC53E;25350524206216;05 juin 2026
PSN-25350524206221;Android (Dedicated);15;2026-07-07 12:03:24.2680000;SN - MBOUR;TC53E;25350524206221;05 juin 2026
PSN-25350524206226;Android (Dedicated);15;2026-06-23 20:35:23.0000000;SN - PLATEAU;TC53E;25350524206226;05 juin 2026
PSN-25350524206228;Android (Dedicated);15;2026-07-05 06:45:14.0000000;SN - KEUR MASSAR;TC53E;25350524206228;05 juin 2026
PSN-25350524206229;Android (Dedicated);15;2026-06-24 14:37:26.0000000;SN - FANN RESIDENCE;TC53E;25350524206229;05 juin 2026
PSN-25350524206235;Android (Dedicated);15;2026-06-24 03:30:22.0000000;SN - GRAND MBAO;TC53E;25350524206235;05 juin 2026
PSN-25350524206246;Android (Dedicated);15;2026-07-05 22:42:53.0000000;SN - MBOUR 2;TC53E;25350524206246;05 juin 2026
PSN-25350524206247;Android (Dedicated);15;2026-07-07 06:49:58.3020000;SN - YOFF;TC53E;25350524206247;05 juin 2026
PSN-25350524214859;Android (Dedicated);15;2026-07-04 20:54:34.5840000;SN - Virage;TC53E;25350524214859;05 juin 2026
PSN-25350524214870;Android (Dedicated);15;2026-07-04 05:55:50.0000000;SN - KEUR MASSAR;TC53E;25350524214870;05 juin 2026
PSN-25350524214888;Android (Dedicated);15;2026-07-07 09:16:58.4660000;SN - Virage;TC53E;25350524214888;05 juin 2026
PSN-25350524214909;Android (Dedicated);15;2026-07-01 15:13:51.0000000;SN - TOTAL SOUMBEDIOUNE;TC53E;25350524214909;05 juin 2026
PSN-25350524214930;Android (Dedicated);15;2026-07-02 12:23:03.0000000;SN - GRAND MBAO;TC53E;25350524214930;05 juin 2026
PSN-25350524214935;Android (Dedicated);15;2026-07-07 01:07:47.3800000;SN - DALIFORT;TC53E;25350524214935;05 juin 2026
PSN-25350524214936;Android (Dedicated);15;2026-07-06 18:42:21.1960000;SN - ALMADIES;TC53E;25350524214936;05 juin 2026
PSN-25350524214937;Android (Dedicated);15;2026-06-19 19:52:30.0000000;SN - FANN RESIDENCE;TC53E;25350524214937;05 juin 2026
PSN-25350524214940;Android (Dedicated);15;2026-07-07 07:37:37.8070000;SN - TOTAL NGOR;TC53E;25350524214940;05 juin 2026
PSN-25350524214948;Android (Dedicated);15;2026-07-07 11:29:51.8540000;SN - MBACKE;TC53E;25350524214948;05 juin 2026
PSN-25350524214961;Android (Dedicated);15;2026-07-07 12:00:50.2490000;SN - SCAT URBAM 1;TC53E;25350524214961;05 juin 2026
PSN-25350524214974;Android (Dedicated);15;2026-07-07 11:48:40.0020000;SN - SALY CENTER;TC53E;25350524214974;05 juin 2026
PSN-25350524215013;Android (Dedicated);15;2026-07-07 05:00:29.1610000;SN - THIES I;TC53E;25350524215013;05 juin 2026
PSN-25350524215043;Android (Dedicated);15;2026-07-07 02:08:40.9650000;SN - SAINT LOUIS;TC53E;25350524215043;05 juin 2026
PSN-25350524215046;Android (Dedicated);15;2026-07-05 20:58:37.0000000;SN - MARISTES;TC53E;25350524215046;05 juin 2026
PSN-25352524212654;Android (Dedicated);15;2026-07-07 12:55:17.9620000;SN - KAOLACK;TC53E;25352524212654;05 juin 2026
PSN-25352524212655;Android (Dedicated);15;2026-07-07 09:28:03.9760000;SN - Entrepôt Thiaroye;TC53E;25352524212655;05 juin 2026
PSN-25352524212657;Android (Dedicated);13;2026-07-07 09:32:24.1310000;SN - Entrepôt Thiaroye;TC53E;25352524212657;05 juin 2026
PSN-25352524212660;Android (Dedicated);15;2026-07-07 11:12:29.4010000;SN - THIES I;TC53E;25352524212660;05 juin 2026
PSN-25352524212661;Android (Dedicated);15;2026-07-07 09:48:37.6790000;;TC53E;25352524212661;05 juin 2026
PSN-25352524212664;Android (Dedicated);15;2026-07-07 12:10:30.0390000;SN - Entrepôt Thiaroye;TC53E;25352524212664;05 juin 2026
PSN-25352524212665;Android (Dedicated);15;2026-07-07 07:25:19.9560000;SN - MERMOZ 2;TC53E;25352524212665;05 juin 2026
PSN-25352524212666;Android (Dedicated);15;2026-07-06 21:42:18.3490000;SN - Entrepôt Thiaroye;TC53E;25352524212666;05 juin 2026
PSN-25352524212671;Android (Dedicated);15;2026-07-07 08:02:11.9640000;SN - HYPER MERMOZ;TC53E;25352524212671;05 juin 2026
PSN-25352524212675;Android (Dedicated);15;2026-07-07 10:01:41.4900000;SN - SALY MARKET;TC53E;25352524212675;05 juin 2026
PSN-25352524212677;Android (Dedicated);15;2026-07-07 09:56:19.4000000;SN - Entrepôt Thiaroye;TC53E;25352524212677;05 juin 2026
PSN-25352524212679;Android (Dedicated);15;2026-07-01 14:08:38.1200000;SN - LIBERTE 6;TC53E;25352524212679;05 juin 2026
PSN-25352524212681;Android (Dedicated);15;2026-07-07 11:09:48.3080000;SN - Entrepôt Thiaroye;TC53E;25352524212681;05 juin 2026
PSN-25352524212682;Android (Dedicated);15;2026-07-07 07:19:32.9450000;SN - Entrepôt Thiaroye;TC53E;25352524212682;05 juin 2026
PSN-25352524212685;Android (Dedicated);15;2026-07-06 20:00:02.8510000;SN - Entrepôt Thiaroye;TC53E;25352524212685;05 juin 2026
PSN-25352524212686;Android (Dedicated);15;2026-07-07 08:37:10.6780000;SN - Entrepôt Thiaroye;TC53E;25352524212686;05 juin 2026
PSN-25352524212688;Android (Dedicated);15;2026-07-07 08:00:15.2960000;SN - Entrepôt Thiaroye;TC53E;25352524212688;05 juin 2026
PSN-25352524212691;Android (Dedicated);15;2026-07-07 07:57:36.7800000;SN - Entrepôt Thiaroye;TC53E;25352524212691;05 juin 2026
PSN-25352524212692;Android (Dedicated);15;2026-07-02 16:33:06.0000000;SN - TOTAL LIBERTE 6;TC53E;25352524212692;05 juin 2026
PSN-25352524212696;Android (Dedicated);15;2026-07-07 10:39:22.9670000;SN - Entrepôt Thiaroye;TC53E;25352524212696;05 juin 2026
PSN-25352524212697;Android (Dedicated);15;2026-07-07 12:41:01.1970000;SN - KAOLACK;TC53E;25352524212697;05 juin 2026
PSN-25352524212702;Android (Dedicated);15;2026-07-07 11:46:30.5000000;SN - Entrepôt Thiaroye;TC53E;25352524212702;05 juin 2026
PSN-25352524212708;Android (Dedicated);15;2026-07-07 09:35:12.4090000;SN - Entrepôt Thiaroye;TC53E;25352524212708;05 juin 2026
PSN-25352524212710;Android (Dedicated);15;2026-07-07 06:52:22.7220000;;TC53E;25352524212710;05 juin 2026
PSN-25352524212712;Android (Dedicated);15;2026-07-07 06:58:13.0330000;;TC53E;25352524212712;05 juin 2026
PSN-25352524212713;Android (Dedicated);15;2026-07-07 05:30:41.0150000;SN - DALIFORT;TC53E;25352524212713;05 juin 2026
PSN-25352524212714;Android (Dedicated);15;2026-07-07 08:01:30.2830000;SN - Entrepôt Thiaroye;TC53E;25352524212714;05 juin 2026
PSN-25352524212717;Android (Dedicated);15;2026-07-07 10:41:14.5140000;SN - Entrepôt Thiaroye;TC53E;25352524212717;05 juin 2026
PSN-25352524212720;Android (Dedicated);15;2026-07-02 14:13:45.0000000;SN - OUAKAM RENAISSANCE;TC53E;25352524212720;05 juin 2026
PSN-25352524212724;Android (Dedicated);15;2026-07-07 08:38:44.6610000;SN - Entrepôt Thiaroye;TC53E;25352524212724;
PSN-25352524212725;Android (Dedicated);15;2026-07-07 06:03:48.4820000;SN - Entrepôt Thiaroye;TC53E;25352524212725;05 juin 2026
PSN-25352524212726;Android (Dedicated);15;2026-07-06 22:44:52.0010000;SN - Entrepôt Thiaroye;TC53E;25352524212726;05 juin 2026
PSN-25352524212727;Android (Dedicated);15;2026-07-07 10:08:37.2550000;SN - Entrepôt Thiaroye;TC53E;25352524212727;05 juin 2026
PSN-25352524212728;Android (Dedicated);15;2026-07-04 14:34:05.0000000;SN - DIAMNIADIO;TC53E;25352524212728;05 juin 2026
PSN-25352524212733;Android (Dedicated);15;2026-06-30 14:12:25.0000000;SN - SALY CENTER;TC53E;25352524212733;05 juin 2026
PSN-25352524212734;Android (Dedicated);15;2026-07-07 10:38:24.0140000;SN - Entrepôt Thiaroye;TC53E;25352524212734;05 juin 2026
PSN-25352524212735;Android (Dedicated);15;2026-07-07 09:21:27.5110000;SN - Entrepôt Thiaroye;TC53E;25352524212735;05 juin 2026
PSN-25352524212738;Android (Dedicated);15;2026-07-07 07:23:26.1090000;SN - Entrepôt Thiaroye;TC53E;25352524212738;05 juin 2026
PSN-25352524212739;Android (Dedicated);15;2026-07-07 08:36:00.8550000;SN - Entrepôt Thiaroye;TC53E;25352524212739;05 juin 2026
PSN-25352524212743;Android (Dedicated);15;2026-07-03 10:12:52.0000000;SN - INEXTENSO POINT E;TC53E;25352524212743;05 juin 2026
PSN-25352524212744;Android (Dedicated);15;2026-07-07 10:17:41.5500000;;TC53E;25352524212744;05 juin 2026
PSN-25352524212745;Android (Dedicated);15;2026-07-07 08:56:52.2770000;SN - Entrepôt Thiaroye;TC53E;25352524212745;05 juin 2026
PSN-25352524212748;Android (Dedicated);15;2026-07-07 11:09:18.6750000;SN - THIES I;TC53E;25352524212748;05 juin 2026
PSN-25352524212750;Android (Dedicated);13;2026-07-07 06:03:00.1330000;SN - Entrepôt Thiaroye;TC53E;25352524212750;05 juin 2026
PSN-25352524212751;Android (Dedicated);15;2026-07-07 06:45:26.1100000;SN - Entrepôt Thiaroye;TC53E;25352524212751;05 juin 2026
PSN-25352524212755;Android (Dedicated);15;2026-06-18 12:19:04.0000000;SN - E-COMMERCE;TC53E;25352524212755;05 juin 2026
PSN-25352524212757;Android (Dedicated);15;2026-07-06 22:10:39.2780000;SN - Entrepôt Thiaroye;TC53E;25352524212757;05 juin 2026
PSN-25352524212758;Android (Dedicated);15;2026-07-07 12:54:25.6320000;SN - KAOLACK;TC53E;25352524212758;05 juin 2026
PSN-25352524212760;Android (Dedicated);15;2026-07-07 07:01:55.9250000;SN - HYPER MERMOZ;TC53E;25352524212760;05 juin 2026
PSN-25352524212763;Android (Dedicated);15;2026-07-07 07:45:24.7500000;;TC53E;25352524212763;05 juin 2026
PSN-25352524212766;Android (Dedicated);15;2026-07-07 08:02:21.0250000;SN - Entrepôt Thiaroye;TC53E;25352524212766;05 juin 2026
PSN-25352524212769;Android (Dedicated);15;2026-07-07 11:14:03.7090000;SN - Entrepôt Thiaroye;TC53E;25352524212769;05 juin 2026
PSN-25352524212770;Android (Dedicated);15;2026-07-07 11:17:21.8120000;SN - DIAMNIADIO;TC53E;25352524212770;05 juin 2026
PSN-25352524212771;Android (Dedicated);15;2026-07-07 07:00:13.4650000;SN - Entrepôt Thiaroye;TC53E;25352524212771;05 juin 2026
PSN-25352524212774;Android (Dedicated);15;2026-07-06 19:34:30.4970000;SN - Entrepôt Thiaroye;TC53E;25352524212774;05 juin 2026
PSN-25352524212777;Android (Dedicated);15;2026-07-07 11:05:58.4770000;SN - MBOUR;TC53E;25352524212777;05 juin 2026
PSN-25352524212778;Android (Dedicated);15;2026-07-07 12:05:49.9010000;SN - MAIRIE;TC53E;25352524212778;05 juin 2026
PSN-25352524212781;Android (Dedicated);15;2026-07-07 08:56:51.7530000;SN - Entrepôt Thiaroye;TC53E;25352524212781;05 juin 2026
PSN-25352524212782;Android (Dedicated);15;2026-07-07 05:05:57.7280000;SN - Entrepôt Thiaroye;TC53E;25352524212782;05 juin 2026
PSN-25352524212785;Android (Dedicated);15;2026-07-07 12:15:09.1130000;SN - SALY CITY;TC53E;25352524212785;05 juin 2026
PSN-25352524212786;Android (Dedicated);15;2026-07-07 05:14:53.5860000;SN - Entrepôt Thiaroye;TC53E;25352524212786;05 juin 2026
PSN-25352524212788;Android (Dedicated);15;2026-07-07 09:13:57.1410000;SN - Entrepôt Thiaroye;TC53E;25352524212788;05 juin 2026
PSN-25352524212789;Android (Dedicated);15;2026-07-03 14:10:26.0000000;SN - SOPRIM;TC53E;25352524212789;05 juin 2026
PSN-25352524212790;Android (Dedicated);15;2026-07-06 22:59:16.9790000;SN - Entrepôt Thiaroye;TC53E;25352524212790;05 juin 2026
PSN-25352524212791;Android (Dedicated);15;2026-07-07 10:58:11.3360000;SN - KAOLACK;TC53E;25352524212791;05 juin 2026
PSN-25352524212794;Android (Dedicated);15;2026-07-07 09:27:54.9100000;SN - MARISTES;TC53E;25352524212794;05 juin 2026
PSN-25352524212795;Android (Dedicated);15;2026-07-07 12:32:55.0580000;SN - SALY CITY;TC53E;25352524212795;05 juin 2026
PSN-25352524212796;Android (Dedicated);15;2026-07-04 16:46:10.0000000;SN - INEXTENSO PORT;TC53E;25352524212796;05 juin 2026
PSN-25352524212797;Android (Dedicated);15;2026-07-07 12:36:03.9340000;SN - SOPRIM;TC53E;25352524212797;05 juin 2026
PSN-25352524212798;Android (Dedicated);15;2026-07-07 12:50:03.4120000;SN - SALY CENTER;TC53E;25352524212798;05 juin 2026
PSN-25352524212800;Android (Dedicated);15;2026-07-01 13:02:49.9130000;SN - HYPER MERMOZ;TC53E;25352524212800;05 juin 2026
PSN-25352524212801;Android (Dedicated);15;2026-07-07 10:36:20.9380000;SN - HYPER MERMOZ;TC53E;25352524212801;05 juin 2026
PSN-25352524212803;Android (Dedicated);15;2026-07-06 20:26:54.7810000;SN - HYPER MERMOZ;TC53E;25352524212803;05 juin 2026
PSN-25352524212805;Android (Dedicated);15;2026-07-07 10:36:09.1150000;SN - Entrepôt Thiaroye;TC53E;25352524212805;05 juin 2026
PSN-25352524212806;Android (Dedicated);15;2026-07-06 19:51:14.1890000;SN - Entrepôt Thiaroye;TC53E;25352524212806;05 juin 2026
PSN-25352524212807;Android (Dedicated);15;2026-07-07 12:15:33.7080000;SN - E-COMMERCE;TC53E;25352524212807;05 juin 2026
PSN-25352524212809;Android (Dedicated);15;2026-07-07 09:08:19.2860000;SN - Entrepôt Thiaroye;TC53E;25352524212809;05 juin 2026
PSN-25352524212810;Android (Dedicated);15;2026-07-06 19:32:51.6780000;SN - DIAMNIADIO;TC53E;25352524212810;05 juin 2026
PSN-25352524212811;Android (Dedicated);15;2026-07-07 06:47:24.2680000;SN - LIBERTE 5;TC53E;25352524212811;05 juin 2026
PSN-25352524212813;Android (Dedicated);15;2026-07-07 12:18:19.2770000;SN - MBOUR;TC53E;25352524212813;05 juin 2026
PSN-25352524212818;Android (Dedicated);15;2026-07-07 05:02:57.2890000;SN - Entrepôt Thiaroye;TC53E;25352524212818;05 juin 2026
PSN-25352524212819;Android (Dedicated);15;2026-07-07 12:49:44.7330000;;TC53E;25352524212819;05 juin 2026
PSN-25352524212822;Android (Dedicated);15;2026-07-07 10:41:41.5090000;SN - Entrepôt Thiaroye;TC53E;25352524212822;05 juin 2026
PSN-25352524212823;Android (Dedicated);15;2026-07-07 12:48:12.1760000;;TC53E;25352524212823;05 juin 2026
PSN-25352524212824;Android (Dedicated);15;2026-07-07 09:00:20.5590000;SN - Entrepôt Thiaroye;TC53E;25352524212824;05 juin 2026
PSN-25352524212826;Android (Dedicated);15;2026-07-07 11:02:15.2900000;SN - E-COMMERCE;TC53E;25352524212826;05 juin 2026
PSN-25352524212828;Android (Dedicated);15;2026-07-02 21:48:51.0000000;SN - ZIGUINCHOR;TC53E;25352524212828;05 juin 2026
PSN-25352524212833;Android (Dedicated);15;2026-07-07 06:59:02.6510000;;TC53E;25352524212833;05 juin 2026
PSN-25352524212835;Android (Dedicated);15;2026-07-07 09:19:48.7830000;SN - Entrepôt Thiaroye;TC53E;25352524212835;05 juin 2026
PSN-25352524212837;Android (Dedicated);15;2026-07-07 10:52:51.2680000;SN - Entrepôt Thiaroye;TC53E;25352524212837;05 juin 2026
PSN-25352524212838;Android (Dedicated);15;2026-07-02 12:36:10.6700000;SN - INEXTENSO OUAKAM;TC53E;25352524212838;05 juin 2026
PSN-25352524212840;Android (Dedicated);15;2026-07-06 00:01:34.0460000;SN - INEXTENSO MARISTES;TC53E;25352524212840;05 juin 2026
PSN-25352524212841;Android (Dedicated);15;2026-07-07 08:01:18.5530000;SN - Entrepôt Thiaroye;TC53E;25352524212841;05 juin 2026
PSN-25352524212849;Android (Dedicated);15;2026-07-07 11:20:45.6020000;;TC53E;25352524212849;05 juin 2026
PSN-25352524212854;Android (Dedicated);15;2026-07-02 09:18:23.0000000;SN - KEUR MASSAR;TC53E;25352524212854;05 juin 2026
PSN-25352524212856;Android (Dedicated);15;2026-07-01 12:36:25.7750000;SN - LIBERTE 6;TC53E;25352524212856;05 juin 2026
PSN-25352524212857;Android (Dedicated);15;2026-07-07 09:17:42.7570000;SN - Entrepôt Thiaroye;TC53E;25352524212857;05 juin 2026
PSN-25352524212859;Android (Dedicated);15;2026-07-07 09:07:34.9370000;SN - Entrepôt Thiaroye;TC53E;25352524212859;05 juin 2026
PSN-25352524212860;Android (Dedicated);15;2026-07-07 01:12:12.5540000;SN - Entrepôt Thiaroye;TC53E;25352524212860;05 juin 2026
PSN-25352524212864;Android (Dedicated);15;2026-07-07 11:11:22.5490000;SN - Entrepôt Thiaroye;TC53E;25352524212864;05 juin 2026
PSN-25352524212865;Android (Dedicated);15;2026-07-07 11:08:39.2740000;SN - Entrepôt Thiaroye;TC53E;25352524212865;05 juin 2026
PSN-25352524212866;Android (Dedicated);15;2026-07-07 11:53:34.9740000;SN - Entrepôt Thiaroye;TC53E;25352524212866;05 juin 2026
PSN-25352524212868;Android (Dedicated);15;2026-07-07 10:53:32.4020000;SN - Entrepôt Thiaroye;TC53E;25352524212868;05 juin 2026
PSN-25352524212873;Android (Dedicated);15;2026-07-07 08:11:29.1150000;SN - Entrepôt Thiaroye;TC53E;25352524212873;05 juin 2026
PSN-25352524212874;Android (Dedicated);15;2026-07-07 12:45:15.9150000;SN - SAINT LOUIS;TC53E;25352524212874;05 juin 2026
PSN-25352524212878;Android (Dedicated);15;2026-06-23 14:11:14.0000000;SN - POINT E1;TC53E;25352524212878;05 juin 2026
PSN-25352524212880;Android (Dedicated);15;2026-07-07 10:40:47.4850000;SN - Entrepôt Thiaroye;TC53E;25352524212880;05 juin 2026
PSN-25352524212883;Android (Dedicated);15;2026-07-07 11:59:01.8840000;SN - SOPRIM;TC53E;25352524212883;05 juin 2026
PSN-25352524212884;Android (Dedicated);15;2026-07-07 08:51:34.9840000;SN - SACRE-COEUR;TC53E;25352524212884;05 juin 2026
PSN-25352524212885;Android (Dedicated);15;2026-07-06 20:31:58.1980000;SN - TIVAOUANE;TC53E;25352524212885;05 juin 2026
PSN-25352524212886;Android (Dedicated);15;2026-07-07 08:34:45.3310000;SN - Entrepôt Thiaroye;TC53E;25352524212886;05 juin 2026
PSN-25352524212888;Android (Dedicated);15;2026-07-07 11:54:47.6340000;SN - Entrepôt Thiaroye;TC53E;25352524212888;05 juin 2026
PSN-25352524212890;Android (Dedicated);15;2026-07-07 08:46:21.6520000;SN - Entrepôt Thiaroye;TC53E;25352524212890;05 juin 2026
PSN-25352524212891;Android (Dedicated);15;2026-06-16 08:46:25.0000000;SN - Entrepôt Thiaroye;TC53E;25352524212891;05 juin 2026
PSN-25352524212891;Android (Dedicated);15;2026-07-07 11:39:42.8500000;SN - Entrepôt Thiaroye;TC53E;25352524212891;05 juin 2026
PSN-25352524212892;Android (Dedicated);15;2026-07-07 11:54:21.9470000;SN - Entrepôt Thiaroye;TC53E;25352524212892;05 juin 2026
PSN-25352524212894;Android (Dedicated);15;2026-07-07 10:22:31.3100000;SN - Entrepôt Thiaroye;TC53E;25352524212894;05 juin 2026
PSN-25352524212898;Android (Dedicated);15;2026-06-19 19:43:20.0000000;SN - GIBRALTAR;TC53E;25352524212898;05 juin 2026
PSN-25352524212902;Android (Dedicated);15;2026-07-03 06:54:35.0000000;SN - INEXTENSO POINT E;TC53E;25352524212902;05 juin 2026
PSN-25352524212904;Android (Dedicated);15;2026-07-07 00:02:50.0740000;SN - Entrepôt Thiaroye;TC53E;25352524212904;05 juin 2026
PSN-25352524212905;Android (Dedicated);15;2026-07-07 12:48:14.9060000;SN - KEUR GORGUI;TC53E;25352524212905;05 juin 2026
PSN-25352524212909;Android (Dedicated);15;2026-06-11 13:30:49.0000000;SN - Entrepôt Thiaroye;TC53E;25352524212909;05 juin 2026
PSN-25352524212917;Android (Dedicated);15;2026-07-07 12:15:47.7600000;SN - E-COMMERCE;TC53E;25352524212917;05 juin 2026
PSN-25352524212918;Android (Dedicated);15;2026-07-03 12:27:36.0000000;SN - INEXTENSO OUAKAM;TC53E;25352524212918;05 juin 2026
PSN-25352524212927;Android (Dedicated);15;2026-07-07 06:47:29.2150000;SN - Entrepôt Thiaroye;TC53E;25352524212927;05 juin 2026
PSN-25352524212928;Android (Dedicated);15;2026-07-07 11:38:32.2750000;SN - Entrepôt Thiaroye;TC53E;25352524212928;05 juin 2026
PSN-25352524212932;Android (Dedicated);15;2026-07-01 16:26:21.0000000;SN - ZAC MBAO;TC53E;25352524212932;05 juin 2026
PSN-25352524212933;Android (Dedicated);15;2026-07-06 22:00:02.5240000;;TC53E;25352524212933;05 juin 2026
PSN-25352524212934;Android (Dedicated);15;2026-07-03 14:51:58.2420000;SN - CASTORS;TC53E;25352524212934;05 juin 2026
PSN-25352524212935;Android (Dedicated);15;2026-07-07 12:37:28.0830000;SN - RUFISQUE NORD;TC53E;25352524212935;05 juin 2026
PSN-25352524212937;Android (Dedicated);15;2026-07-07 08:31:27.5350000;SN - E-COMMERCE;TC53E;25352524212937;05 juin 2026
PSN-25352524212938;Android (Dedicated);15;2026-07-07 09:57:46.2330000;SN - MARISTES;TC53E;25352524212938;05 juin 2026
PSN-25352524212938;Android (Dedicated);13;2026-06-22 11:41:59.0000000;;TC53E;25352524212938;05 juin 2026
PSN-25352524212943;Android (Dedicated);15;2026-07-07 11:35:05.5160000;SN - DALIFORT;TC53E;25352524212943;05 juin 2026
PSN-25352524212944;Android (Dedicated);15;2026-07-07 12:22:05.7360000;SN - KEUR GORGUI;TC53E;25352524212944;05 juin 2026
PSN-25352524212948;Android (Dedicated);15;2026-07-07 09:19:42.8330000;SN - NORD FOIRE;TC53E;25352524212948;05 juin 2026
PSN-25352524212949;Android (Dedicated);15;2026-07-07 09:25:31.3290000;SN - Entrepôt Thiaroye;TC53E;25352524212949;05 juin 2026
PSN-25352524212953;Android (Dedicated);15;2026-07-06 22:22:09.9810000;SN - LIBERTE 5;TC53E;25352524212953;05 juin 2026
PSN-25352524212955;Android (Dedicated);15;2026-07-07 11:57:24.1710000;SN - Entrepôt Thiaroye;TC53E;25352524212955;05 juin 2026
PSN-25352524212956;Android (Dedicated);15;2026-07-07 07:00:05.9820000;SN - Entrepôt Thiaroye;TC53E;25352524212956;05 juin 2026
PSN-25352524212957;Android (Dedicated);15;2026-07-06 15:16:13.5650000;SN - MBACKE;TC53E;25352524212957;05 juin 2026
PSN-25352524212958;Android (Dedicated);15;2026-07-07 12:54:26.7650000;SN - Entrepôt Thiaroye;TC53E;25352524212958;05 juin 2026
PSN-25352524212959;Android (Dedicated);15;2026-07-07 09:44:41.8310000;SN - Entrepôt Thiaroye;TC53E;25352524212959;05 juin 2026
PSN-25352524212961;Android (Dedicated);15;2026-07-04 08:41:08.0000000;SN - ALMADIES;TC53E;25352524212961;05 juin 2026
PSN-25352524212962;Android (Dedicated);15;2026-07-02 18:06:21.0000000;SN - TOTAL LIBERTE 6;TC53E;25352524212962;05 juin 2026
PSN-25352524212963;Android (Dedicated);15;2026-07-07 11:53:47.7680000;SN - MBOUR 2;TC53E;25352524212963;05 juin 2026
PSN-25352524212964;Android (Dedicated);15;2026-07-02 04:23:00.0000000;SN - POINT E2;TC53E;25352524212964;05 juin 2026
PSN-25352524212965;Android (Dedicated);15;2026-07-07 10:41:07.4230000;SN - E-COMMERCE;TC53E;25352524212965;05 juin 2026
PSN-25352524212970;Android (Dedicated);15;2026-07-07 08:13:49.3560000;SN - Entrepôt Thiaroye;TC53E;25352524212970;05 juin 2026
PSN-25352524212971;Android (Dedicated);15;2026-07-07 10:14:50.3900000;SN - Entrepôt Thiaroye;TC53E;25352524212971;05 juin 2026
PSN-25352524212972;Android (Dedicated);15;2026-07-07 07:12:47.8180000;;TC53E;25352524212972;05 juin 2026
PSN-25352524212973;Android (Dedicated);15;2026-06-19 19:47:21.0000000;SN - RUFISQUE NORD;TC53E;25352524212973;05 juin 2026
PSN-25352524212976;Android (Dedicated);15;2026-07-07 10:30:10.8940000;SN - SCAT URBAM 1;TC53E;25352524212976;05 juin 2026
PSN-25352524212978;Android (Dedicated);15;2026-07-07 12:30:36.4290000;SN - SACRE-COEUR;TC53E;25352524212978;05 juin 2026
PSN-25352524212981;Android (Dedicated);15;2026-07-07 07:06:30.9920000;SN - E-COMMERCE;TC53E;25352524212981;05 juin 2026
PSN-25352524212986;Android (Dedicated);15;2026-07-07 07:13:28.9310000;;TC53E;25352524212986;05 juin 2026
PSN-25352524212988;Android (Dedicated);15;2026-07-07 10:48:07.6950000;SN - NORD FOIRE;TC53E;25352524212988;05 juin 2026
PSN-25352524212989;Android (Dedicated);15;2026-07-07 07:45:44.4740000;;TC53E;25352524212989;05 juin 2026
PSN-25352524212991;Android (Dedicated);15;2026-07-01 23:37:55.0000000;SN - FANN RESIDENCE;TC53E;25352524212991;05 juin 2026
PSN-25352524212992;Android (Dedicated);15;2026-07-03 16:36:23.0000000;SN - KEUR MASSAR;TC53E;25352524212992;05 juin 2026
PSN-25352524212993;Android (Dedicated);15;2026-07-07 12:26:50.3060000;SN - SACRE-COEUR;TC53E;25352524212993;05 juin 2026
PSN-25352524212994;Android (Dedicated);15;2026-07-07 10:05:13.0340000;SN - E-COMMERCE;TC53E;25352524212994;05 juin 2026
PSN-25352524212995;Android (Dedicated);15;2026-07-06 08:56:25.4240000;SN - ALMADIES;TC53E;25352524212995;05 juin 2026
PSN-25352524212996;Android (Dedicated);15;2026-07-07 01:15:30.5320000;SN - HYPER MERMOZ;TC53E;25352524212996;05 juin 2026
PSN-25352524212998;Android (Dedicated);15;2026-07-07 08:02:19.2960000;SN - HYPER MERMOZ;TC53E;25352524212998;05 juin 2026
PSN-25352524212999;Android (Dedicated);15;2026-07-07 07:54:49.9180000;SN - Entrepôt Thiaroye;TC53E;25352524212999;05 juin 2026
PSN-25352524213000;Android (Dedicated);15;2026-07-07 11:00:30.0840000;SN - Entrepôt Thiaroye;TC53E;25352524213000;05 juin 2026
PSN-25352524213004;Android (Dedicated);15;2026-07-07 01:26:49.3120000;SN - Entrepôt Thiaroye;TC53E;25352524213004;05 juin 2026
PSN-25352524213006;Android (Dedicated);15;2026-07-07 07:17:28.2190000;;TC53E;25352524213006;05 juin 2026
PSN-25352524213008;Android (Dedicated);15;2026-07-07 07:30:15.2750000;SN - Entrepôt Thiaroye;TC53E;25352524213008;05 juin 2026
PSN-25352524213009;Android (Dedicated);15;2026-07-07 08:49:26.3350000;SN - Entrepôt Thiaroye;TC53E;25352524213009;05 juin 2026
PSN-25352524213010;Android (Dedicated);15;2026-07-06 20:10:11.9950000;SN - Entrepôt Thiaroye;TC53E;25352524213010;05 juin 2026
PSN-25353524219483;Android (Dedicated);15;2026-07-07 11:52:21.5550000;SN - Entrepôt Thiaroye;TC53E;25353524219483;05 juin 2026
PSN-25353524219484;Android (Dedicated);15;2026-07-05 06:19:00.0000000;SN - INEXTENSO MARISTES;TC53E;25353524219484;05 juin 2026
PSN-25353524219485;Android (Dedicated);15;2026-07-02 14:07:33.0000000;SN - OUAKAM RENAISSANCE;TC53E;25353524219485;05 juin 2026
PSN-25353524219486;Android (Dedicated);15;2026-07-03 15:36:38.0000000;SN - ZIGUINCHOR;TC53E;25353524219486;05 juin 2026
PSN-25353524219488;Android (Dedicated);15;2026-07-04 14:30:56.0000000;SN - ZAC MBAO;TC53E;25353524219488;05 juin 2026
PSN-25353524219489;Android (Dedicated);15;2026-07-07 01:01:10.9510000;SN - Entrepôt Thiaroye;TC53E;25353524219489;05 juin 2026
PSN-25353524219490;Android (Dedicated);15;2026-07-07 07:58:18.9610000;SN - Entrepôt Thiaroye;TC53E;25353524219490;05 juin 2026
PSN-25353524219491;Android (Dedicated);15;2026-07-06 13:07:48.4710000;SN - YOFF;TC53E;25353524219491;05 juin 2026
PSN-25353524219492;Android (Dedicated);15;2026-07-07 10:59:24.4660000;SN - Entrepôt Thiaroye;TC53E;25353524219492;05 juin 2026
PSN-25353524219493;Android (Dedicated);15;2026-07-07 05:30:35.5610000;SN - Entrepôt Thiaroye;TC53E;25353524219493;05 juin 2026